{"cameraMode":{"drawMode":0,"name":"Shaded","section":"Shading Mode"},"sceneLighting":false,"audioPlay":false,"sceneViewState":{"showFog":true,"showMaterialUpdate":false,"showSkybox":false,"showFlares":true,"showImageEffects":true,"showParticleSystems":true},"in2DMode":false,"pivot":{"x":-33.8650016784668,"y":18.805500030517579,"z":-20.739999771118165},"rotation":{"x":-0.2952381670475006,"y":0.6531137228012085,"z":-0.3082716166973114,"w":-0.6255007982254028},"size":147.75723266601563,"orthographic":false}