{"cameraMode":{"drawMode":0,"name":"Shaded","section":"Shading Mode"},"sceneLighting":false,"audioPlay":false,"sceneViewState":{"showFog":true,"showMaterialUpdate":false,"showSkybox":false,"showFlares":true,"showImageEffects":true,"showParticleSystems":true},"in2DMode":false,"pivot":{"x":-33.8650016784668,"y":18.805500030517579,"z":-20.739999771118165},"rotation":{"x":-0.4469691514968872,"y":0.02011612430214882,"z":-0.010054592974483967,"w":-0.8942679762840271},"size":172.7302703857422,"orthographic":false}